<?xml version='1.0' encoding='utf-8'?>
<project xmlns:ns1="http://www.plcopen.org/xml/tc6_0201" xmlns:xhtml="http://www.w3.org/1999/xhtml" xmlns:xsd="http://www.w3.org/2001/XMLSchema" xmlns="http://www.plcopen.org/xml/tc6_0201">
  <fileHeader companyName="Unknown" productName="Unnamed" productVersion="1" creationDateTime="2021-03-19T19:04:38"/>
  <contentHeader name="Unnamed" modificationDateTime="2021-04-21T20:58:00">
    <coordinateInfo>
      <fbd>
        <scaling x="10" y="10"/>
      </fbd>
      <ld>
        <scaling x="10" y="10"/>
      </ld>
      <sfc>
        <scaling x="10" y="10"/>
      </sfc>
    </coordinateInfo>
  </contentHeader>
  <types>
    <dataTypes/>
    <pous>
      <pou name="Main" pouType="program">
        <interface>
          <localVars>
            <variable name="I_Z01BC01ArrivedSens" address="%IX100.0">
              <type>
                <BOOL/>
              </type>
            </variable>
            <variable name="I_Z01BC02EntrySens" address="%IX100.1">
              <type>
                <BOOL/>
              </type>
            </variable>
            <variable name="I_Z01MC01_Open" address="%IX100.2">
              <type>
                <BOOL/>
              </type>
            </variable>
            <variable name="I_Z01MC01_Bussy" address="%IX100.3">
              <type>
                <BOOL/>
              </type>
            </variable>
            <variable name="I_Z01MC01_Error" address="%IX100.4">
              <type>
                <BOOL/>
              </type>
            </variable>
            <variable name="I_Z01MC02_Open" address="%IX100.5">
              <type>
                <BOOL/>
              </type>
            </variable>
            <variable name="I_Z01MC02_Bussy" address="%IX100.6">
              <type>
                <BOOL/>
              </type>
            </variable>
            <variable name="I_Z01MC02_Error" address="%IX100.7">
              <type>
                <BOOL/>
              </type>
            </variable>
            <variable name="I_Z01BC03ArrivedSens" address="%IX101.0">
              <type>
                <BOOL/>
              </type>
            </variable>
            <variable name="I_Z01BC05EntrySens" address="%IX101.1">
              <type>
                <BOOL/>
              </type>
            </variable>
            <variable name="I_Z01MC01_Progress" address="%IW100">
              <type>
                <INT/>
              </type>
              <documentation>
                <xhtml:p><![CDATA[0-100]]></xhtml:p>
              </documentation>
            </variable>
            <variable name="I_Z01MC02_Progress" address="%IW101">
              <type>
                <INT/>
              </type>
              <documentation>
                <xhtml:p><![CDATA[0-100]]></xhtml:p>
              </documentation>
            </variable>
            <variable name="Q_Z01BC01" address="%QX100.0">
              <type>
                <BOOL/>
              </type>
            </variable>
            <variable name="Q_Z01BC02" address="%QX100.1">
              <type>
                <BOOL/>
              </type>
            </variable>
            <variable name="Q_Z01BC03" address="%QX100.2">
              <type>
                <BOOL/>
              </type>
            </variable>
            <variable name="Q_Z01BC04" address="%QX100.3">
              <type>
                <BOOL/>
              </type>
            </variable>
            <variable name="Q_Z01BC05" address="%QX100.4">
              <type>
                <BOOL/>
              </type>
            </variable>
            <variable name="Q_Z01BC06" address="%QX100.5">
              <type>
                <BOOL/>
              </type>
            </variable>
            <variable name="Q_Z01BC07" address="%QX100.6">
              <type>
                <BOOL/>
              </type>
            </variable>
            <variable name="Q_Z01MC01Start" address="%QX100.7">
              <type>
                <BOOL/>
              </type>
            </variable>
            <variable name="Q_Z01MC01Stop" address="%QX101.0">
              <type>
                <BOOL/>
              </type>
            </variable>
            <variable name="Q_Z01MC01Reset" address="%QX101.1">
              <type>
                <BOOL/>
              </type>
            </variable>
            <variable name="Q_Z01MC01_ProducingLids" address="%QX101.2">
              <type>
                <BOOL/>
              </type>
            </variable>
            <variable name="Q_Z01MC02Start" address="%QX101.3">
              <type>
                <BOOL/>
              </type>
            </variable>
            <variable name="Q_Z01MC02Stop" address="%QX101.4">
              <type>
                <BOOL/>
              </type>
            </variable>
            <variable name="Q_Z01MC02Reset" address="%QX101.5">
              <type>
                <BOOL/>
              </type>
            </variable>
            <variable name="Q_Z01MC02ProducingLids" address="%QX101.6">
              <type>
                <BOOL/>
              </type>
            </variable>
            <variable name="Q_Z01MC01Display" address="%QW100">
              <type>
                <INT/>
              </type>
            </variable>
            <variable name="Q_Z01MC02Display" address="%QW101">
              <type>
                <INT/>
              </type>
            </variable>
          </localVars>
          <localVars>
            <variable name="R_TRIG0">
              <type>
                <derived name="R_TRIG"/>
              </type>
            </variable>
            <variable name="Z01MC01">
              <type>
                <derived name="MachiningCenter"/>
              </type>
            </variable>
            <variable name="R_TRIG1">
              <type>
                <derived name="R_TRIG"/>
              </type>
            </variable>
            <variable name="Z01MC01Progress">
              <type>
                <INT/>
              </type>
            </variable>
            <variable name="Z01MC02Progress">
              <type>
                <INT/>
              </type>
            </variable>
            <variable name="TOF_DelayBC02_BC03">
              <type>
                <BOOL/>
              </type>
            </variable>
            <variable name="TOF_DelayBC05_BC06">
              <type>
                <BOOL/>
              </type>
            </variable>
            <variable name="Z01MC02">
              <type>
                <derived name="MachiningCenter"/>
              </type>
            </variable>
            <variable name="R_TRIG2">
              <type>
                <derived name="R_TRIG"/>
              </type>
            </variable>
            <variable name="R_TRIG3">
              <type>
                <derived name="R_TRIG"/>
              </type>
            </variable>
            <variable name="TOF0">
              <type>
                <derived name="TOF"/>
              </type>
            </variable>
            <variable name="TOF1">
              <type>
                <derived name="TOF"/>
              </type>
            </variable>
          </localVars>
        </interface>
        <body>
          <FBD>
            <block localId="1" typeName="MachiningCenter" instanceName="Z01MC01" executionOrderId="0" height="440" width="440">
              <position x="430" y="1290"/>
              <inputVariables>
                <variable formalParameter="I_PartArrived">
                  <connectionPointIn>
                    <relPosition x="0" y="40"/>
                    <connection refLocalId="3" formalParameter="Q">
                      <position x="430" y="1330"/>
                      <position x="365" y="1330"/>
                      <position x="365" y="1310"/>
                      <position x="310" y="1310"/>
                    </connection>
                  </connectionPointIn>
                </variable>
                <variable formalParameter="I_PartExit">
                  <connectionPointIn>
                    <relPosition x="0" y="90"/>
                    <connection refLocalId="17" formalParameter="Q">
                      <position x="430" y="1380"/>
                      <position x="365" y="1380"/>
                      <position x="365" y="1370"/>
                      <position x="310" y="1370"/>
                    </connection>
                  </connectionPointIn>
                </variable>
                <variable formalParameter="I_MachiningCenterOpen">
                  <connectionPointIn>
                    <relPosition x="0" y="130"/>
                    <connection refLocalId="4">
                      <position x="430" y="1420"/>
                      <position x="340" y="1420"/>
                      <position x="340" y="1440"/>
                      <position x="250" y="1440"/>
                    </connection>
                  </connectionPointIn>
                </variable>
                <variable formalParameter="I_MachiningCenterBussy">
                  <connectionPointIn>
                    <relPosition x="0" y="180"/>
                    <connection refLocalId="5">
                      <position x="430" y="1470"/>
                      <position x="345" y="1470"/>
                      <position x="345" y="1480"/>
                      <position x="260" y="1480"/>
                    </connection>
                  </connectionPointIn>
                </variable>
                <variable formalParameter="I_MachiningCenterError">
                  <connectionPointIn>
                    <relPosition x="0" y="230"/>
                    <connection refLocalId="6">
                      <position x="430" y="1520"/>
                      <position x="260" y="1520"/>
                    </connection>
                  </connectionPointIn>
                </variable>
                <variable formalParameter="I_MachiningCenterProgress">
                  <connectionPointIn>
                    <relPosition x="0" y="270"/>
                    <connection refLocalId="7">
                      <position x="430" y="1560"/>
                      <position x="290" y="1560"/>
                    </connection>
                  </connectionPointIn>
                </variable>
                <variable formalParameter="I_ProducingLids">
                  <connectionPointIn>
                    <relPosition x="0" y="320"/>
                    <connection refLocalId="8">
                      <position x="430" y="1610"/>
                      <position x="255" y="1610"/>
                      <position x="255" y="1600"/>
                      <position x="80" y="1600"/>
                    </connection>
                  </connectionPointIn>
                </variable>
                <variable formalParameter="I_FaultA">
                  <connectionPointIn>
                    <relPosition x="0" y="370"/>
                    <connection refLocalId="46">
                      <position x="430" y="1660"/>
                      <position x="80" y="1660"/>
                    </connection>
                  </connectionPointIn>
                </variable>
                <variable formalParameter="I_MachineCenterStop">
                  <connectionPointIn>
                    <relPosition x="0" y="410"/>
                    <connection refLocalId="56">
                      <position x="430" y="1700"/>
                      <position x="80" y="1700"/>
                    </connection>
                  </connectionPointIn>
                </variable>
              </inputVariables>
              <inOutVariables/>
              <outputVariables>
                <variable formalParameter="Q_StartSignalMachiningCenter">
                  <connectionPointOut>
                    <relPosition x="440" y="40"/>
                  </connectionPointOut>
                </variable>
                <variable formalParameter="Q_MachineCenterStop">
                  <connectionPointOut>
                    <relPosition x="440" y="90"/>
                  </connectionPointOut>
                </variable>
                <variable formalParameter="Q_MachineCenterProduceLids">
                  <connectionPointOut>
                    <relPosition x="440" y="130"/>
                  </connectionPointOut>
                </variable>
                <variable formalParameter="Q_MachineCenterProgress">
                  <connectionPointOut>
                    <relPosition x="440" y="180"/>
                  </connectionPointOut>
                </variable>
                <variable formalParameter="Q_MachineCenterProduced">
                  <connectionPointOut>
                    <relPosition x="440" y="230"/>
                  </connectionPointOut>
                </variable>
              </outputVariables>
            </block>
            <inVariable localId="2" executionOrderId="0" height="30" width="180" negated="false">
              <position x="30" y="1300"/>
              <connectionPointOut>
                <relPosition x="180" y="20"/>
              </connectionPointOut>
              <expression>I_Z01BC01ArrivedSens</expression>
            </inVariable>
            <block localId="3" typeName="R_TRIG" instanceName="R_TRIG0" executionOrderId="0" height="40" width="60">
              <position x="250" y="1280"/>
              <inputVariables>
                <variable formalParameter="CLK">
                  <connectionPointIn>
                    <relPosition x="0" y="30"/>
                    <connection refLocalId="2">
                      <position x="250" y="1310"/>
                      <position x="230" y="1310"/>
                      <position x="230" y="1320"/>
                      <position x="210" y="1320"/>
                    </connection>
                  </connectionPointIn>
                </variable>
              </inputVariables>
              <inOutVariables/>
              <outputVariables>
                <variable formalParameter="Q">
                  <connectionPointOut>
                    <relPosition x="60" y="30"/>
                  </connectionPointOut>
                </variable>
              </outputVariables>
            </block>
            <inVariable localId="4" executionOrderId="0" height="30" width="220" negated="false">
              <position x="30" y="1420"/>
              <connectionPointOut>
                <relPosition x="220" y="20"/>
              </connectionPointOut>
              <expression>I_Z01MC01_Open</expression>
            </inVariable>
            <inVariable localId="5" executionOrderId="0" height="30" width="230" negated="false">
              <position x="30" y="1460"/>
              <connectionPointOut>
                <relPosition x="230" y="20"/>
              </connectionPointOut>
              <expression>I_Z01MC01_Bussy</expression>
            </inVariable>
            <inVariable localId="6" executionOrderId="0" height="30" width="230" negated="false">
              <position x="30" y="1500"/>
              <connectionPointOut>
                <relPosition x="230" y="20"/>
              </connectionPointOut>
              <expression>I_Z01MC01_Error</expression>
            </inVariable>
            <inVariable localId="7" executionOrderId="0" height="30" width="260" negated="false">
              <position x="30" y="1550"/>
              <connectionPointOut>
                <relPosition x="260" y="10"/>
              </connectionPointOut>
              <expression>I_Z01MC01_Progress</expression>
            </inVariable>
            <inVariable localId="8" executionOrderId="0" height="30" width="50" negated="false">
              <position x="30" y="1590"/>
              <connectionPointOut>
                <relPosition x="50" y="10"/>
              </connectionPointOut>
              <expression>False</expression>
            </inVariable>
            <outVariable localId="9" executionOrderId="0" height="30" width="230" negated="false">
              <position x="940" y="1320"/>
              <connectionPointIn>
                <relPosition x="0" y="10"/>
                <connection refLocalId="1" formalParameter="Q_StartSignalMachiningCenter">
                  <position x="940" y="1330"/>
                  <position x="870" y="1330"/>
                </connection>
              </connectionPointIn>
              <expression>Q_Z01MC01Start</expression>
            </outVariable>
            <outVariable localId="10" executionOrderId="0" height="30" width="220" negated="false">
              <position x="940" y="1370"/>
              <connectionPointIn>
                <relPosition x="0" y="10"/>
                <connection refLocalId="1" formalParameter="Q_MachineCenterStop">
                  <position x="940" y="1380"/>
                  <position x="870" y="1380"/>
                </connection>
              </connectionPointIn>
              <expression>Q_Z01MC01Stop</expression>
            </outVariable>
            <outVariable localId="11" executionOrderId="0" height="30" width="300" negated="false">
              <position x="940" y="1410"/>
              <connectionPointIn>
                <relPosition x="0" y="10"/>
                <connection refLocalId="1" formalParameter="Q_MachineCenterProduceLids">
                  <position x="940" y="1420"/>
                  <position x="870" y="1420"/>
                </connection>
              </connectionPointIn>
              <expression>Q_Z01MC01_ProducingLids</expression>
            </outVariable>
            <outVariable localId="13" executionOrderId="0" height="30" width="82" negated="false">
              <position x="880" y="410"/>
              <connectionPointIn>
                <relPosition x="0" y="10"/>
                <connection refLocalId="88" formalParameter="OUT">
                  <position x="880" y="420"/>
                  <position x="830" y="420"/>
                </connection>
              </connectionPointIn>
              <expression>Q_Z01BC01</expression>
            </outVariable>
            <inVariable localId="14" executionOrderId="0" height="30" width="230" negated="false">
              <position x="40" y="390"/>
              <connectionPointOut>
                <relPosition x="230" y="10"/>
              </connectionPointOut>
              <expression>I_Z01MC01_Bussy</expression>
            </inVariable>
            <inVariable localId="16" executionOrderId="0" height="30" width="162" negated="false">
              <position x="30" y="1360"/>
              <connectionPointOut>
                <relPosition x="162" y="20"/>
              </connectionPointOut>
              <expression>I_Z01BC02EntrySens</expression>
            </inVariable>
            <block localId="17" typeName="R_TRIG" instanceName="R_TRIG1" executionOrderId="0" height="40" width="60">
              <position x="250" y="1340"/>
              <inputVariables>
                <variable formalParameter="CLK">
                  <connectionPointIn>
                    <relPosition x="0" y="30"/>
                    <connection refLocalId="16">
                      <position x="250" y="1370"/>
                      <position x="221" y="1370"/>
                      <position x="221" y="1380"/>
                      <position x="192" y="1380"/>
                    </connection>
                  </connectionPointIn>
                </variable>
              </inputVariables>
              <inOutVariables/>
              <outputVariables>
                <variable formalParameter="Q">
                  <connectionPointOut>
                    <relPosition x="60" y="30"/>
                  </connectionPointOut>
                </variable>
              </outputVariables>
            </block>
            <outVariable localId="18" executionOrderId="0" height="30" width="250" negated="false">
              <position x="940" y="1500"/>
              <connectionPointIn>
                <relPosition x="0" y="20"/>
                <connection refLocalId="1" formalParameter="Q_MachineCenterProduced">
                  <position x="940" y="1520"/>
                  <position x="870" y="1520"/>
                </connection>
              </connectionPointIn>
              <expression>Q_Z01MC01Display</expression>
            </outVariable>
            <outVariable localId="19" executionOrderId="0" height="30" width="140" negated="false">
              <position x="940" y="1460"/>
              <connectionPointIn>
                <relPosition x="0" y="10"/>
                <connection refLocalId="1" formalParameter="Q_MachineCenterProgress">
                  <position x="940" y="1470"/>
                  <position x="870" y="1470"/>
                </connection>
              </connectionPointIn>
              <expression>Z01MC01Progress</expression>
            </outVariable>
            <inVariable localId="21" executionOrderId="0" height="30" width="180" negated="false">
              <position x="40" y="530"/>
              <connectionPointOut>
                <relPosition x="180" y="10"/>
              </connectionPointOut>
              <expression>I_Z01BC01ArrivedSens</expression>
            </inVariable>
            <block localId="23" typeName="OR" executionOrderId="0" height="60" width="70">
              <position x="640" y="390"/>
              <inputVariables>
                <variable formalParameter="IN1">
                  <connectionPointIn>
                    <relPosition x="0" y="30"/>
                    <connection refLocalId="61" formalParameter="OUT">
                      <position x="640" y="420"/>
                      <position x="625" y="420"/>
                      <position x="625" y="410"/>
                      <position x="610" y="410"/>
                    </connection>
                  </connectionPointIn>
                </variable>
                <variable formalParameter="IN2">
                  <connectionPointIn>
                    <relPosition x="0" y="50"/>
                    <connection refLocalId="21">
                      <position x="640" y="440"/>
                      <position x="575" y="440"/>
                      <position x="575" y="540"/>
                      <position x="220" y="540"/>
                    </connection>
                  </connectionPointIn>
                </variable>
              </inputVariables>
              <inOutVariables/>
              <outputVariables>
                <variable formalParameter="OUT">
                  <connectionPointOut>
                    <relPosition x="70" y="30"/>
                  </connectionPointOut>
                </variable>
              </outputVariables>
            </block>
            <outVariable localId="12" executionOrderId="0" height="30" width="90" negated="false">
              <position x="910" y="860"/>
              <connectionPointIn>
                <relPosition x="0" y="10"/>
                <connection refLocalId="86" formalParameter="OUT">
                  <position x="910" y="870"/>
                  <position x="860" y="870"/>
                </connection>
              </connectionPointIn>
              <expression>Q_Z01BC04</expression>
            </outVariable>
            <comment localId="26" height="260" width="970">
              <position x="30" y="20"/>
              <content>
                <xhtml:p><![CDATA[29/03/2021 Solution production line with OpenPLC
Author: SeafoxC

Z = Zone 
MC = Machine Center
Sens = Seonsor
Pb = Pushbutton
BC = Band Conveyer
RC = Roller Conveyer
Alarm_A = Safety Alarm (for example Emergency Stop)
Alarm_B = Sever Alarm => stop of certain object (MC, BC,...)
Alarm_C = Warning ]]></xhtml:p>
              </content>
            </comment>
            <comment localId="27" height="60" width="970">
              <position x="30" y="290"/>
              <content>
                <xhtml:p><![CDATA[Conditions Z01BC01 (entry conveyer Z01MC01)]]></xhtml:p>
              </content>
            </comment>
            <comment localId="28" height="60" width="970">
              <position x="30" y="730"/>
              <content>
                <xhtml:p><![CDATA[Conditions Z01BC04 (entry conveyer Z01MC02)]]></xhtml:p>
              </content>
            </comment>
            <comment localId="29" height="60" width="970">
              <position x="30" y="1130"/>
              <content>
                <xhtml:p><![CDATA[Z01MC01 (Machine center 01 in zone 01)]]></xhtml:p>
              </content>
            </comment>
            <block localId="30" typeName="MachiningCenter" instanceName="Z01MC02" executionOrderId="0" height="440" width="440">
              <position x="430" y="1920"/>
              <inputVariables>
                <variable formalParameter="I_PartArrived">
                  <connectionPointIn>
                    <relPosition x="0" y="40"/>
                    <connection refLocalId="32" formalParameter="Q">
                      <position x="430" y="1960"/>
                      <position x="375" y="1960"/>
                      <position x="375" y="1950"/>
                      <position x="320" y="1950"/>
                    </connection>
                  </connectionPointIn>
                </variable>
                <variable formalParameter="I_PartExit">
                  <connectionPointIn>
                    <relPosition x="0" y="90"/>
                    <connection refLocalId="42" formalParameter="Q">
                      <position x="430" y="2010"/>
                      <position x="320" y="2010"/>
                    </connection>
                  </connectionPointIn>
                </variable>
                <variable formalParameter="I_MachiningCenterOpen">
                  <connectionPointIn>
                    <relPosition x="0" y="140"/>
                    <connection refLocalId="33">
                      <position x="430" y="2060"/>
                      <position x="260" y="2060"/>
                    </connection>
                  </connectionPointIn>
                </variable>
                <variable formalParameter="I_MachiningCenterBussy">
                  <connectionPointIn>
                    <relPosition x="0" y="180"/>
                    <connection refLocalId="34">
                      <position x="430" y="2100"/>
                      <position x="270" y="2100"/>
                    </connection>
                  </connectionPointIn>
                </variable>
                <variable formalParameter="I_MachiningCenterError">
                  <connectionPointIn>
                    <relPosition x="0" y="230"/>
                    <connection refLocalId="35">
                      <position x="430" y="2150"/>
                      <position x="350" y="2150"/>
                      <position x="350" y="2140"/>
                      <position x="270" y="2140"/>
                    </connection>
                  </connectionPointIn>
                </variable>
                <variable formalParameter="I_MachiningCenterProgress">
                  <connectionPointIn>
                    <relPosition x="0" y="270"/>
                    <connection refLocalId="36">
                      <position x="430" y="2190"/>
                      <position x="365" y="2190"/>
                      <position x="365" y="2180"/>
                      <position x="300" y="2180"/>
                    </connection>
                  </connectionPointIn>
                </variable>
                <variable formalParameter="I_ProducingLids">
                  <connectionPointIn>
                    <relPosition x="0" y="320"/>
                    <connection refLocalId="37">
                      <position x="430" y="2240"/>
                      <position x="100" y="2240"/>
                    </connection>
                  </connectionPointIn>
                </variable>
                <variable formalParameter="I_FaultA">
                  <connectionPointIn>
                    <relPosition x="0" y="360"/>
                    <connection refLocalId="48">
                      <position x="430" y="2280"/>
                      <position x="100" y="2280"/>
                    </connection>
                  </connectionPointIn>
                </variable>
                <variable formalParameter="I_MachineCenterStop">
                  <connectionPointIn>
                    <relPosition x="0" y="410"/>
                    <connection refLocalId="49">
                      <position x="430" y="2330"/>
                      <position x="265" y="2330"/>
                      <position x="265" y="2340"/>
                      <position x="100" y="2340"/>
                    </connection>
                  </connectionPointIn>
                </variable>
              </inputVariables>
              <inOutVariables/>
              <outputVariables>
                <variable formalParameter="Q_StartSignalMachiningCenter">
                  <connectionPointOut>
                    <relPosition x="440" y="40"/>
                  </connectionPointOut>
                </variable>
                <variable formalParameter="Q_MachineCenterStop">
                  <connectionPointOut>
                    <relPosition x="440" y="90"/>
                  </connectionPointOut>
                </variable>
                <variable formalParameter="Q_MachineCenterProduceLids">
                  <connectionPointOut>
                    <relPosition x="440" y="140"/>
                  </connectionPointOut>
                </variable>
                <variable formalParameter="Q_MachineCenterProgress">
                  <connectionPointOut>
                    <relPosition x="440" y="180"/>
                  </connectionPointOut>
                </variable>
                <variable formalParameter="Q_MachineCenterProduced">
                  <connectionPointOut>
                    <relPosition x="440" y="230"/>
                  </connectionPointOut>
                </variable>
              </outputVariables>
            </block>
            <inVariable localId="31" executionOrderId="0" height="30" width="180" negated="false">
              <position x="40" y="1930"/>
              <connectionPointOut>
                <relPosition x="180" y="10"/>
              </connectionPointOut>
              <expression>I_Z01BC03ArrivedSens</expression>
            </inVariable>
            <block localId="32" typeName="R_TRIG" instanceName="R_TRIG2" executionOrderId="0" height="40" width="60">
              <position x="260" y="1920"/>
              <inputVariables>
                <variable formalParameter="CLK">
                  <connectionPointIn>
                    <relPosition x="0" y="30"/>
                    <connection refLocalId="31">
                      <position x="260" y="1950"/>
                      <position x="240" y="1950"/>
                      <position x="240" y="1940"/>
                      <position x="220" y="1940"/>
                    </connection>
                  </connectionPointIn>
                </variable>
              </inputVariables>
              <inOutVariables/>
              <outputVariables>
                <variable formalParameter="Q">
                  <connectionPointOut>
                    <relPosition x="60" y="30"/>
                  </connectionPointOut>
                </variable>
              </outputVariables>
            </block>
            <inVariable localId="33" executionOrderId="0" height="30" width="220" negated="false">
              <position x="40" y="2040"/>
              <connectionPointOut>
                <relPosition x="220" y="20"/>
              </connectionPointOut>
              <expression>I_Z01MC02_Open</expression>
            </inVariable>
            <inVariable localId="34" executionOrderId="0" height="30" width="230" negated="false">
              <position x="40" y="2080"/>
              <connectionPointOut>
                <relPosition x="230" y="20"/>
              </connectionPointOut>
              <expression>I_Z01MC02_Bussy</expression>
            </inVariable>
            <inVariable localId="35" executionOrderId="0" height="30" width="230" negated="false">
              <position x="40" y="2130"/>
              <connectionPointOut>
                <relPosition x="230" y="10"/>
              </connectionPointOut>
              <expression>I_Z01MC02_Error</expression>
            </inVariable>
            <inVariable localId="36" executionOrderId="0" height="30" width="260" negated="false">
              <position x="40" y="2170"/>
              <connectionPointOut>
                <relPosition x="260" y="10"/>
              </connectionPointOut>
              <expression>I_Z01MC02_Progress</expression>
            </inVariable>
            <inVariable localId="37" executionOrderId="0" height="30" width="50" negated="false">
              <position x="50" y="2230"/>
              <connectionPointOut>
                <relPosition x="50" y="10"/>
              </connectionPointOut>
              <expression>True</expression>
            </inVariable>
            <outVariable localId="38" executionOrderId="0" height="30" width="230" negated="false">
              <position x="970" y="1950"/>
              <connectionPointIn>
                <relPosition x="0" y="10"/>
                <connection refLocalId="30" formalParameter="Q_StartSignalMachiningCenter">
                  <position x="970" y="1960"/>
                  <position x="870" y="1960"/>
                </connection>
              </connectionPointIn>
              <expression>Q_Z01MC02Start</expression>
            </outVariable>
            <outVariable localId="39" executionOrderId="0" height="30" width="220" negated="false">
              <position x="970" y="2000"/>
              <connectionPointIn>
                <relPosition x="0" y="10"/>
                <connection refLocalId="30" formalParameter="Q_MachineCenterStop">
                  <position x="970" y="2010"/>
                  <position x="870" y="2010"/>
                </connection>
              </connectionPointIn>
              <expression>Q_Z01MC02Stop</expression>
            </outVariable>
            <outVariable localId="40" executionOrderId="0" height="30" width="300" negated="false">
              <position x="970" y="2040"/>
              <connectionPointIn>
                <relPosition x="0" y="20"/>
                <connection refLocalId="30" formalParameter="Q_MachineCenterProduceLids">
                  <position x="970" y="2060"/>
                  <position x="870" y="2060"/>
                </connection>
              </connectionPointIn>
              <expression>Q_Z01MC02ProducingLids</expression>
            </outVariable>
            <inVariable localId="41" executionOrderId="0" height="30" width="170" negated="false">
              <position x="40" y="1990"/>
              <connectionPointOut>
                <relPosition x="170" y="10"/>
              </connectionPointOut>
              <expression>I_Z01BC05EntrySens</expression>
            </inVariable>
            <block localId="42" typeName="R_TRIG" instanceName="R_TRIG3" executionOrderId="0" height="40" width="60">
              <position x="260" y="1980"/>
              <inputVariables>
                <variable formalParameter="CLK">
                  <connectionPointIn>
                    <relPosition x="0" y="30"/>
                    <connection refLocalId="41">
                      <position x="260" y="2010"/>
                      <position x="235" y="2010"/>
                      <position x="235" y="2000"/>
                      <position x="210" y="2000"/>
                    </connection>
                  </connectionPointIn>
                </variable>
              </inputVariables>
              <inOutVariables/>
              <outputVariables>
                <variable formalParameter="Q">
                  <connectionPointOut>
                    <relPosition x="60" y="30"/>
                  </connectionPointOut>
                </variable>
              </outputVariables>
            </block>
            <outVariable localId="43" executionOrderId="0" height="30" width="250" negated="false">
              <position x="970" y="2130"/>
              <connectionPointIn>
                <relPosition x="0" y="20"/>
                <connection refLocalId="30" formalParameter="Q_MachineCenterProduced">
                  <position x="970" y="2150"/>
                  <position x="870" y="2150"/>
                </connection>
              </connectionPointIn>
              <expression>Q_Z01MC02Display</expression>
            </outVariable>
            <outVariable localId="44" executionOrderId="0" height="30" width="140" negated="false">
              <position x="970" y="2090"/>
              <connectionPointIn>
                <relPosition x="0" y="10"/>
                <connection refLocalId="30" formalParameter="Q_MachineCenterProgress">
                  <position x="970" y="2100"/>
                  <position x="870" y="2100"/>
                </connection>
              </connectionPointIn>
              <expression>Z01MC02Progress</expression>
            </outVariable>
            <comment localId="45" height="60" width="970">
              <position x="40" y="1770"/>
              <content>
                <xhtml:p><![CDATA[Z01MC02 (Machine center 02 in zone 01)]]></xhtml:p>
              </content>
            </comment>
            <inVariable localId="46" executionOrderId="0" height="30" width="50" negated="false">
              <position x="30" y="1640"/>
              <connectionPointOut>
                <relPosition x="50" y="20"/>
              </connectionPointOut>
              <expression>False</expression>
            </inVariable>
            <inVariable localId="48" executionOrderId="0" height="30" width="50" negated="false">
              <position x="50" y="2270"/>
              <connectionPointOut>
                <relPosition x="50" y="10"/>
              </connectionPointOut>
              <expression>False</expression>
            </inVariable>
            <inVariable localId="49" executionOrderId="0" height="30" width="50" negated="false">
              <position x="50" y="2320"/>
              <connectionPointOut>
                <relPosition x="50" y="20"/>
              </connectionPointOut>
              <expression>False</expression>
            </inVariable>
            <comment localId="50" height="60" width="970">
              <position x="40" y="2430"/>
              <content>
                <xhtml:p><![CDATA[Logic exit conveyers left (keep the conveyers running for a certain time but stop if the machine center 01 is not producing)]]></xhtml:p>
              </content>
            </comment>
            <block localId="51" typeName="TOF" instanceName="TOF0" executionOrderId="0" height="60" width="50">
              <position x="380" y="2530"/>
              <inputVariables>
                <variable formalParameter="IN">
                  <connectionPointIn>
                    <relPosition x="0" y="30"/>
                    <connection refLocalId="63" formalParameter="OUT">
                      <position x="380" y="2560"/>
                      <position x="330" y="2560"/>
                    </connection>
                  </connectionPointIn>
                </variable>
                <variable formalParameter="PT">
                  <connectionPointIn>
                    <relPosition x="0" y="50"/>
                    <connection refLocalId="54">
                      <position x="380" y="2580"/>
                      <position x="335" y="2580"/>
                      <position x="335" y="2630"/>
                      <position x="290" y="2630"/>
                    </connection>
                  </connectionPointIn>
                </variable>
              </inputVariables>
              <inOutVariables/>
              <outputVariables>
                <variable formalParameter="Q">
                  <connectionPointOut>
                    <relPosition x="50" y="30"/>
                  </connectionPointOut>
                </variable>
                <variable formalParameter="ET">
                  <connectionPointOut>
                    <relPosition x="50" y="50"/>
                  </connectionPointOut>
                </variable>
              </outputVariables>
            </block>
            <inVariable localId="52" executionOrderId="0" height="30" width="170" negated="false">
              <position x="40" y="2550"/>
              <connectionPointOut>
                <relPosition x="170" y="10"/>
              </connectionPointOut>
              <expression>I_Z01BC02EntrySens</expression>
            </inVariable>
            <inVariable localId="54" executionOrderId="0" height="30" width="50" negated="false">
              <position x="240" y="2610"/>
              <connectionPointOut>
                <relPosition x="50" y="10"/>
              </connectionPointOut>
              <expression>T#20s</expression>
            </inVariable>
            <outVariable localId="55" executionOrderId="0" height="30" width="160" negated="false">
              <position x="610" y="2540"/>
              <connectionPointIn>
                <relPosition x="0" y="20"/>
                <connection refLocalId="51" formalParameter="Q">
                  <position x="610" y="2560"/>
                  <position x="430" y="2560"/>
                </connection>
              </connectionPointIn>
              <expression>TOF_DelayBC02_BC03</expression>
            </outVariable>
            <inVariable localId="59" executionOrderId="0" height="30" width="140" negated="false">
              <position x="40" y="430"/>
              <connectionPointOut>
                <relPosition x="140" y="10"/>
              </connectionPointOut>
              <expression>I_Z01MC01_Error</expression>
            </inVariable>
            <inVariable localId="60" executionOrderId="0" height="30" width="120" negated="false">
              <position x="40" y="470"/>
              <connectionPointOut>
                <relPosition x="120" y="10"/>
              </connectionPointOut>
              <expression>Q_Z01MC01Stop</expression>
            </inVariable>
            <block localId="61" typeName="NOT" executionOrderId="0" height="40" width="60">
              <position x="550" y="380"/>
              <inputVariables>
                <variable formalParameter="IN">
                  <connectionPointIn>
                    <relPosition x="0" y="30"/>
                    <connection refLocalId="62" formalParameter="OUT">
                      <position x="550" y="410"/>
                      <position x="480" y="410"/>
                    </connection>
                  </connectionPointIn>
                </variable>
              </inputVariables>
              <inOutVariables/>
              <outputVariables>
                <variable formalParameter="OUT">
                  <connectionPointOut>
                    <relPosition x="60" y="30"/>
                  </connectionPointOut>
                </variable>
              </outputVariables>
            </block>
            <block localId="62" typeName="OR" executionOrderId="0" height="80" width="70">
              <position x="410" y="380"/>
              <inputVariables>
                <variable formalParameter="IN1">
                  <connectionPointIn>
                    <relPosition x="0" y="30"/>
                    <connection refLocalId="14">
                      <position x="410" y="410"/>
                      <position x="340" y="410"/>
                      <position x="340" y="400"/>
                      <position x="270" y="400"/>
                    </connection>
                  </connectionPointIn>
                </variable>
                <variable formalParameter="IN2">
                  <connectionPointIn>
                    <relPosition x="0" y="50"/>
                    <connection refLocalId="59">
                      <position x="410" y="430"/>
                      <position x="295" y="430"/>
                      <position x="295" y="440"/>
                      <position x="180" y="440"/>
                    </connection>
                  </connectionPointIn>
                </variable>
                <variable formalParameter="IN3">
                  <connectionPointIn>
                    <relPosition x="0" y="70"/>
                    <connection refLocalId="60">
                      <position x="410" y="450"/>
                      <position x="285" y="450"/>
                      <position x="285" y="480"/>
                      <position x="160" y="480"/>
                    </connection>
                  </connectionPointIn>
                </variable>
              </inputVariables>
              <inOutVariables/>
              <outputVariables>
                <variable formalParameter="OUT">
                  <connectionPointOut>
                    <relPosition x="70" y="30"/>
                  </connectionPointOut>
                </variable>
              </outputVariables>
            </block>
            <inVariable localId="15" executionOrderId="0" height="30" width="230" negated="false">
              <position x="40" y="830"/>
              <connectionPointOut>
                <relPosition x="230" y="20"/>
              </connectionPointOut>
              <expression>I_Z01MC02_Bussy</expression>
            </inVariable>
            <inVariable localId="20" executionOrderId="0" height="30" width="180" negated="false">
              <position x="40" y="980"/>
              <connectionPointOut>
                <relPosition x="180" y="20"/>
              </connectionPointOut>
              <expression>I_Z01BC03ArrivedSens</expression>
            </inVariable>
            <block localId="22" typeName="OR" executionOrderId="0" height="60" width="70">
              <position x="640" y="830"/>
              <inputVariables>
                <variable formalParameter="IN1">
                  <connectionPointIn>
                    <relPosition x="0" y="30"/>
                    <connection refLocalId="47" formalParameter="OUT">
                      <position x="640" y="860"/>
                      <position x="610" y="860"/>
                    </connection>
                  </connectionPointIn>
                </variable>
                <variable formalParameter="IN2">
                  <connectionPointIn>
                    <relPosition x="0" y="50"/>
                    <connection refLocalId="20">
                      <position x="640" y="880"/>
                      <position x="575" y="880"/>
                      <position x="575" y="1000"/>
                      <position x="220" y="1000"/>
                    </connection>
                  </connectionPointIn>
                </variable>
              </inputVariables>
              <inOutVariables/>
              <outputVariables>
                <variable formalParameter="OUT">
                  <connectionPointOut>
                    <relPosition x="70" y="30"/>
                  </connectionPointOut>
                </variable>
              </outputVariables>
            </block>
            <inVariable localId="24" executionOrderId="0" height="30" width="140" negated="false">
              <position x="40" y="870"/>
              <connectionPointOut>
                <relPosition x="140" y="20"/>
              </connectionPointOut>
              <expression>I_Z01MC02_Error</expression>
            </inVariable>
            <inVariable localId="25" executionOrderId="0" height="30" width="120" negated="false">
              <position x="40" y="920"/>
              <connectionPointOut>
                <relPosition x="120" y="20"/>
              </connectionPointOut>
              <expression>Q_Z01MC02Stop</expression>
            </inVariable>
            <block localId="47" typeName="NOT" executionOrderId="0" height="40" width="60">
              <position x="550" y="830"/>
              <inputVariables>
                <variable formalParameter="IN">
                  <connectionPointIn>
                    <relPosition x="0" y="30"/>
                    <connection refLocalId="53" formalParameter="OUT">
                      <position x="550" y="860"/>
                      <position x="480" y="860"/>
                    </connection>
                  </connectionPointIn>
                </variable>
              </inputVariables>
              <inOutVariables/>
              <outputVariables>
                <variable formalParameter="OUT">
                  <connectionPointOut>
                    <relPosition x="60" y="30"/>
                  </connectionPointOut>
                </variable>
              </outputVariables>
            </block>
            <block localId="53" typeName="OR" executionOrderId="0" height="80" width="70">
              <position x="410" y="830"/>
              <inputVariables>
                <variable formalParameter="IN1">
                  <connectionPointIn>
                    <relPosition x="0" y="30"/>
                    <connection refLocalId="15">
                      <position x="410" y="860"/>
                      <position x="340" y="860"/>
                      <position x="340" y="850"/>
                      <position x="270" y="850"/>
                    </connection>
                  </connectionPointIn>
                </variable>
                <variable formalParameter="IN2">
                  <connectionPointIn>
                    <relPosition x="0" y="50"/>
                    <connection refLocalId="24">
                      <position x="410" y="880"/>
                      <position x="295" y="880"/>
                      <position x="295" y="890"/>
                      <position x="180" y="890"/>
                    </connection>
                  </connectionPointIn>
                </variable>
                <variable formalParameter="IN3">
                  <connectionPointIn>
                    <relPosition x="0" y="70"/>
                    <connection refLocalId="25">
                      <position x="410" y="900"/>
                      <position x="285" y="900"/>
                      <position x="285" y="940"/>
                      <position x="160" y="940"/>
                    </connection>
                  </connectionPointIn>
                </variable>
              </inputVariables>
              <inOutVariables/>
              <outputVariables>
                <variable formalParameter="OUT">
                  <connectionPointOut>
                    <relPosition x="70" y="30"/>
                  </connectionPointOut>
                </variable>
              </outputVariables>
            </block>
            <block localId="63" typeName="NOT" executionOrderId="0" height="40" width="60">
              <position x="270" y="2530"/>
              <inputVariables>
                <variable formalParameter="IN">
                  <connectionPointIn>
                    <relPosition x="0" y="30"/>
                    <connection refLocalId="52">
                      <position x="270" y="2560"/>
                      <position x="210" y="2560"/>
                    </connection>
                  </connectionPointIn>
                </variable>
              </inputVariables>
              <inOutVariables/>
              <outputVariables>
                <variable formalParameter="OUT">
                  <connectionPointOut>
                    <relPosition x="60" y="30"/>
                  </connectionPointOut>
                </variable>
              </outputVariables>
            </block>
            <block localId="58" typeName="TOF" instanceName="TOF1" executionOrderId="0" height="60" width="50">
              <position x="380" y="2760"/>
              <inputVariables>
                <variable formalParameter="IN">
                  <connectionPointIn>
                    <relPosition x="0" y="30"/>
                    <connection refLocalId="67" formalParameter="OUT">
                      <position x="380" y="2790"/>
                      <position x="330" y="2790"/>
                    </connection>
                  </connectionPointIn>
                </variable>
                <variable formalParameter="PT">
                  <connectionPointIn>
                    <relPosition x="0" y="50"/>
                    <connection refLocalId="65">
                      <position x="380" y="2810"/>
                      <position x="335" y="2810"/>
                      <position x="335" y="2840"/>
                      <position x="290" y="2840"/>
                    </connection>
                  </connectionPointIn>
                </variable>
              </inputVariables>
              <inOutVariables/>
              <outputVariables>
                <variable formalParameter="Q">
                  <connectionPointOut>
                    <relPosition x="50" y="30"/>
                  </connectionPointOut>
                </variable>
                <variable formalParameter="ET">
                  <connectionPointOut>
                    <relPosition x="50" y="50"/>
                  </connectionPointOut>
                </variable>
              </outputVariables>
            </block>
            <inVariable localId="64" executionOrderId="0" height="30" width="170" negated="false">
              <position x="40" y="2780"/>
              <connectionPointOut>
                <relPosition x="170" y="10"/>
              </connectionPointOut>
              <expression>I_Z01BC05EntrySens</expression>
            </inVariable>
            <inVariable localId="65" executionOrderId="0" height="30" width="50" negated="false">
              <position x="240" y="2830"/>
              <connectionPointOut>
                <relPosition x="50" y="10"/>
              </connectionPointOut>
              <expression>T#20s</expression>
            </inVariable>
            <outVariable localId="66" executionOrderId="0" height="30" width="160" negated="false">
              <position x="610" y="2770"/>
              <connectionPointIn>
                <relPosition x="0" y="20"/>
                <connection refLocalId="58" formalParameter="Q">
                  <position x="610" y="2790"/>
                  <position x="430" y="2790"/>
                </connection>
              </connectionPointIn>
              <expression>TOF_DelayBC05_BC06</expression>
            </outVariable>
            <block localId="67" typeName="NOT" executionOrderId="0" height="40" width="60">
              <position x="270" y="2760"/>
              <inputVariables>
                <variable formalParameter="IN">
                  <connectionPointIn>
                    <relPosition x="0" y="30"/>
                    <connection refLocalId="64">
                      <position x="270" y="2790"/>
                      <position x="210" y="2790"/>
                    </connection>
                  </connectionPointIn>
                </variable>
              </inputVariables>
              <inOutVariables/>
              <outputVariables>
                <variable formalParameter="OUT">
                  <connectionPointOut>
                    <relPosition x="60" y="30"/>
                  </connectionPointOut>
                </variable>
              </outputVariables>
            </block>
            <comment localId="68" height="60" width="970">
              <position x="40" y="2660"/>
              <content>
                <xhtml:p><![CDATA[Logic exit conveyers left (keep the conveyers running for a certain time but stop if the machine center 01 is not producing)]]></xhtml:p>
              </content>
            </comment>
            <comment localId="69" height="40" width="970">
              <position x="40" y="2890"/>
              <content>
                <xhtml:p><![CDATA[Logic Conveyer BC02]]></xhtml:p>
              </content>
            </comment>
            <inVariable localId="70" executionOrderId="0" height="30" width="160" negated="false">
              <position x="40" y="2960"/>
              <connectionPointOut>
                <relPosition x="160" y="20"/>
              </connectionPointOut>
              <expression>TOF_DelayBC02_BC03</expression>
            </inVariable>
            <outVariable localId="71" executionOrderId="0" height="30" width="90" negated="false">
              <position x="640" y="2960"/>
              <connectionPointIn>
                <relPosition x="0" y="20"/>
                <connection refLocalId="70">
                  <position x="640" y="2980"/>
                  <position x="200" y="2980"/>
                </connection>
              </connectionPointIn>
              <expression>Q_Z01BC02</expression>
            </outVariable>
            <inVariable localId="72" executionOrderId="0" height="30" width="160" negated="false">
              <position x="40" y="3100"/>
              <connectionPointOut>
                <relPosition x="160" y="20"/>
              </connectionPointOut>
              <expression>TOF_DelayBC02_BC03</expression>
            </inVariable>
            <outVariable localId="73" executionOrderId="0" height="30" width="90" negated="false">
              <position x="650" y="3110"/>
              <connectionPointIn>
                <relPosition x="0" y="10"/>
                <connection refLocalId="72">
                  <position x="650" y="3120"/>
                  <position x="200" y="3120"/>
                </connection>
              </connectionPointIn>
              <expression>Q_Z01BC03</expression>
            </outVariable>
            <comment localId="74" height="40" width="970">
              <position x="40" y="3030"/>
              <content>
                <xhtml:p><![CDATA[Logic Conveyer BC03]]></xhtml:p>
              </content>
            </comment>
            <inVariable localId="75" executionOrderId="0" height="30" width="160" negated="false">
              <position x="40" y="3240"/>
              <connectionPointOut>
                <relPosition x="160" y="20"/>
              </connectionPointOut>
              <expression>TOF_DelayBC05_BC06</expression>
            </inVariable>
            <outVariable localId="76" executionOrderId="0" height="30" width="90" negated="false">
              <position x="640" y="3250"/>
              <connectionPointIn>
                <relPosition x="0" y="10"/>
                <connection refLocalId="75">
                  <position x="640" y="3260"/>
                  <position x="200" y="3260"/>
                </connection>
              </connectionPointIn>
              <expression>Q_Z01BC05</expression>
            </outVariable>
            <comment localId="77" height="40" width="970">
              <position x="40" y="3170"/>
              <content>
                <xhtml:p><![CDATA[Logic Conveyer BC05]]></xhtml:p>
              </content>
            </comment>
            <inVariable localId="78" executionOrderId="0" height="30" width="160" negated="false">
              <position x="40" y="3380"/>
              <connectionPointOut>
                <relPosition x="160" y="20"/>
              </connectionPointOut>
              <expression>TOF_DelayBC05_BC06</expression>
            </inVariable>
            <outVariable localId="79" executionOrderId="0" height="30" width="90" negated="false">
              <position x="650" y="3380"/>
              <connectionPointIn>
                <relPosition x="0" y="20"/>
                <connection refLocalId="78">
                  <position x="650" y="3400"/>
                  <position x="200" y="3400"/>
                </connection>
              </connectionPointIn>
              <expression>Q_Z01BC06</expression>
            </outVariable>
            <comment localId="80" height="40" width="970">
              <position x="40" y="3310"/>
              <content>
                <xhtml:p><![CDATA[Logic Conveyer BC06]]></xhtml:p>
              </content>
            </comment>
            <comment localId="81" height="40" width="970">
              <position x="40" y="3450"/>
              <content>
                <xhtml:p><![CDATA[Logic Conveyer BC07]]></xhtml:p>
              </content>
            </comment>
            <inVariable localId="82" executionOrderId="0" height="30" width="160" negated="false">
              <position x="40" y="3560"/>
              <connectionPointOut>
                <relPosition x="160" y="20"/>
              </connectionPointOut>
              <expression>TOF_DelayBC05_BC06</expression>
            </inVariable>
            <inVariable localId="83" executionOrderId="0" height="30" width="160" negated="false">
              <position x="40" y="3510"/>
              <connectionPointOut>
                <relPosition x="160" y="10"/>
              </connectionPointOut>
              <expression>TOF_DelayBC02_BC03</expression>
            </inVariable>
            <outVariable localId="84" executionOrderId="0" height="30" width="90" negated="false">
              <position x="640" y="3520"/>
              <connectionPointIn>
                <relPosition x="0" y="20"/>
                <connection refLocalId="85" formalParameter="OUT">
                  <position x="640" y="3540"/>
                  <position x="450" y="3540"/>
                </connection>
              </connectionPointIn>
              <expression>Q_Z01BC07</expression>
            </outVariable>
            <block localId="85" typeName="OR" executionOrderId="0" height="60" width="70">
              <position x="380" y="3510"/>
              <inputVariables>
                <variable formalParameter="IN1">
                  <connectionPointIn>
                    <relPosition x="0" y="30"/>
                    <connection refLocalId="83">
                      <position x="380" y="3540"/>
                      <position x="290" y="3540"/>
                      <position x="290" y="3520"/>
                      <position x="200" y="3520"/>
                    </connection>
                  </connectionPointIn>
                </variable>
                <variable formalParameter="IN2">
                  <connectionPointIn>
                    <relPosition x="0" y="50"/>
                    <connection refLocalId="82">
                      <position x="380" y="3560"/>
                      <position x="290" y="3560"/>
                      <position x="290" y="3580"/>
                      <position x="200" y="3580"/>
                    </connection>
                  </connectionPointIn>
                </variable>
              </inputVariables>
              <inOutVariables/>
              <outputVariables>
                <variable formalParameter="OUT">
                  <connectionPointOut>
                    <relPosition x="70" y="30"/>
                  </connectionPointOut>
                </variable>
              </outputVariables>
            </block>
            <inVariable localId="56" executionOrderId="0" height="30" width="50" negated="false">
              <position x="30" y="1690"/>
              <connectionPointOut>
                <relPosition x="50" y="10"/>
              </connectionPointOut>
              <expression>False</expression>
            </inVariable>
            <block localId="86" typeName="AND" executionOrderId="0" height="60" width="70">
              <position x="790" y="840"/>
              <inputVariables>
                <variable formalParameter="IN1">
                  <connectionPointIn>
                    <relPosition x="0" y="30"/>
                    <connection refLocalId="22" formalParameter="OUT">
                      <position x="790" y="870"/>
                      <position x="750" y="870"/>
                      <position x="750" y="860"/>
                      <position x="710" y="860"/>
                    </connection>
                  </connectionPointIn>
                </variable>
                <variable formalParameter="IN2">
                  <connectionPointIn>
                    <relPosition x="0" y="50"/>
                    <connection refLocalId="87">
                      <position x="790" y="890"/>
                      <position x="740" y="890"/>
                      <position x="740" y="1040"/>
                      <position x="200" y="1040"/>
                    </connection>
                  </connectionPointIn>
                </variable>
              </inputVariables>
              <inOutVariables/>
              <outputVariables>
                <variable formalParameter="OUT">
                  <connectionPointOut>
                    <relPosition x="70" y="30"/>
                  </connectionPointOut>
                </variable>
              </outputVariables>
            </block>
            <inVariable localId="87" executionOrderId="0" height="30" width="160" negated="false">
              <position x="40" y="1030"/>
              <connectionPointOut>
                <relPosition x="160" y="10"/>
              </connectionPointOut>
              <expression>I_Z01BC05EntrySens</expression>
            </inVariable>
            <block localId="88" typeName="AND" executionOrderId="0" height="60" width="70">
              <position x="760" y="390"/>
              <inputVariables>
                <variable formalParameter="IN1">
                  <connectionPointIn>
                    <relPosition x="0" y="30"/>
                    <connection refLocalId="23" formalParameter="OUT">
                      <position x="760" y="420"/>
                      <position x="710" y="420"/>
                    </connection>
                  </connectionPointIn>
                </variable>
                <variable formalParameter="IN2">
                  <connectionPointIn>
                    <relPosition x="0" y="50"/>
                    <connection refLocalId="90">
                      <position x="760" y="440"/>
                      <position x="740" y="440"/>
                      <position x="740" y="620"/>
                      <position x="200" y="620"/>
                    </connection>
                  </connectionPointIn>
                </variable>
              </inputVariables>
              <inOutVariables/>
              <outputVariables>
                <variable formalParameter="OUT">
                  <connectionPointOut>
                    <relPosition x="70" y="30"/>
                  </connectionPointOut>
                </variable>
              </outputVariables>
            </block>
            <inVariable localId="90" executionOrderId="0" height="30" width="160" negated="false">
              <position x="40" y="600"/>
              <connectionPointOut>
                <relPosition x="160" y="20"/>
              </connectionPointOut>
              <expression>I_Z01BC02EntrySens</expression>
            </inVariable>
          </FBD>
        </body>
      </pou>
      <pou name="MachiningCenter" pouType="functionBlock">
        <interface>
          <inputVars>
            <variable name="I_PartArrived">
              <type>
                <BOOL/>
              </type>
              <documentation>
                <xhtml:p><![CDATA[Signal that part is arrived at the machine]]></xhtml:p>
              </documentation>
            </variable>
            <variable name="I_PartExit">
              <type>
                <BOOL/>
              </type>
              <documentation>
                <xhtml:p><![CDATA[Signal that part is exiting the machine]]></xhtml:p>
              </documentation>
            </variable>
            <variable name="I_MachiningCenterOpen">
              <type>
                <BOOL/>
              </type>
              <documentation>
                <xhtml:p><![CDATA[True when the door is open.]]></xhtml:p>
              </documentation>
            </variable>
            <variable name="I_MachiningCenterBussy">
              <type>
                <BOOL/>
              </type>
              <documentation>
                <xhtml:p><![CDATA[Indicates whether an item is being processed.]]></xhtml:p>
              </documentation>
            </variable>
            <variable name="I_MachiningCenterError">
              <type>
                <BOOL/>
              </type>
              <documentation>
                <xhtml:p><![CDATA[Indicates whether an invalid item was detected on the entry bay.]]></xhtml:p>
              </documentation>
            </variable>
            <variable name="I_MachiningCenterProgress">
              <type>
                <INT/>
              </type>
              <documentation>
                <xhtml:p><![CDATA[Machining progress (0-100)]]></xhtml:p>
              </documentation>
            </variable>
            <variable name="I_ProducingLids">
              <type>
                <BOOL/>
              </type>
              <documentation>
                <xhtml:p><![CDATA[Set True to produce lids; False to produce bases.]]></xhtml:p>
              </documentation>
            </variable>
            <variable name="I_FaultA">
              <type>
                <BOOL/>
              </type>
              <documentation>
                <xhtml:p><![CDATA[Set True to produce lids; False to produce bases.]]></xhtml:p>
              </documentation>
            </variable>
            <variable name="I_MachineCenterStop">
              <type>
                <BOOL/>
              </type>
              <documentation>
                <xhtml:p><![CDATA[Set True to produce lids; False to produce bases.]]></xhtml:p>
              </documentation>
            </variable>
          </inputVars>
          <outputVars>
            <variable name="Q_StartSignalMachiningCenter">
              <type>
                <BOOL/>
              </type>
            </variable>
            <variable name="Q_MachineCenterStop">
              <type>
                <BOOL/>
              </type>
            </variable>
            <variable name="Q_MachineCenterProduceLids">
              <type>
                <BOOL/>
              </type>
            </variable>
            <variable name="Q_MachineCenterProgress">
              <type>
                <INT/>
              </type>
            </variable>
            <variable name="Q_MachineCenterProduced">
              <type>
                <INT/>
              </type>
            </variable>
          </outputVars>
          <localVars>
            <variable name="MachineCenterProduced">
              <type>
                <INT/>
              </type>
            </variable>
            <variable name="TOF0">
              <type>
                <derived name="TOF"/>
              </type>
            </variable>
          </localVars>
        </interface>
        <body>
          <FBD>
            <comment localId="1" height="40" width="1210">
              <position x="20" y="320"/>
              <content>
                <xhtml:p><![CDATA[Start the machine when the part is arrived. This is a long pulse to make sure the signal is received by the machining center (like in real live)]]></xhtml:p>
              </content>
            </comment>
            <inVariable localId="2" executionOrderId="0" height="30" width="120" negated="false">
              <position x="20" y="430"/>
              <connectionPointOut>
                <relPosition x="120" y="10"/>
              </connectionPointOut>
              <expression>I_PartArrived</expression>
            </inVariable>
            <block localId="3" typeName="TOF" instanceName="TOF0" executionOrderId="0" height="60" width="50">
              <position x="220" y="410"/>
              <inputVariables>
                <variable formalParameter="IN">
                  <connectionPointIn>
                    <relPosition x="0" y="30"/>
                    <connection refLocalId="2">
                      <position x="220" y="440"/>
                      <position x="140" y="440"/>
                    </connection>
                  </connectionPointIn>
                </variable>
                <variable formalParameter="PT">
                  <connectionPointIn>
                    <relPosition x="0" y="50"/>
                    <connection refLocalId="4">
                      <position x="220" y="460"/>
                      <position x="160" y="460"/>
                      <position x="160" y="480"/>
                      <position x="70" y="480"/>
                    </connection>
                  </connectionPointIn>
                </variable>
              </inputVariables>
              <inOutVariables/>
              <outputVariables>
                <variable formalParameter="Q">
                  <connectionPointOut>
                    <relPosition x="50" y="30"/>
                  </connectionPointOut>
                </variable>
                <variable formalParameter="ET">
                  <connectionPointOut>
                    <relPosition x="50" y="50"/>
                  </connectionPointOut>
                </variable>
              </outputVariables>
            </block>
            <inVariable localId="4" executionOrderId="0" height="30" width="50" negated="false">
              <position x="20" y="470"/>
              <connectionPointOut>
                <relPosition x="50" y="10"/>
              </connectionPointOut>
              <expression>T#1s</expression>
            </inVariable>
            <outVariable localId="5" executionOrderId="0" height="30" width="240" negated="false">
              <position x="410" y="430"/>
              <connectionPointIn>
                <relPosition x="0" y="10"/>
                <connection refLocalId="3" formalParameter="Q">
                  <position x="410" y="440"/>
                  <position x="270" y="440"/>
                </connection>
              </connectionPointIn>
              <expression>Q_StartSignalMachiningCenter</expression>
            </outVariable>
            <comment localId="6" height="40" width="1210">
              <position x="20" y="140"/>
              <content>
                <xhtml:p><![CDATA[Set True to produce lids / False to produce bases.]]></xhtml:p>
              </content>
            </comment>
            <inVariable localId="7" executionOrderId="0" height="30" width="140" negated="false">
              <position x="30" y="220"/>
              <connectionPointOut>
                <relPosition x="140" y="20"/>
              </connectionPointOut>
              <expression>I_ProducingLids</expression>
            </inVariable>
            <outVariable localId="8" executionOrderId="0" height="30" width="220" negated="false">
              <position x="410" y="220"/>
              <connectionPointIn>
                <relPosition x="0" y="20"/>
                <connection refLocalId="7">
                  <position x="410" y="240"/>
                  <position x="170" y="240"/>
                </connection>
              </connectionPointIn>
              <expression>Q_MachineCenterProduceLids</expression>
            </outVariable>
            <inVariable localId="9" executionOrderId="0" height="30" width="80" negated="false">
              <position x="20" y="630"/>
              <connectionPointOut>
                <relPosition x="80" y="10"/>
              </connectionPointOut>
              <expression>I_FaultA</expression>
            </inVariable>
            <comment localId="10" height="60" width="1270">
              <position x="20" y="530"/>
              <content>
                <xhtml:p><![CDATA[Logic to Stop the machine in case of a fault A (Safety Fault) please not the Stop Button on the control pane of the machine center is not wired to the PLC and also a way to stop the machine.]]></xhtml:p>
              </content>
            </comment>
            <outVariable localId="11" executionOrderId="0" height="30" width="170" negated="false">
              <position x="450" y="630"/>
              <connectionPointIn>
                <relPosition x="0" y="10"/>
                <connection refLocalId="28" formalParameter="OUT">
                  <position x="450" y="640"/>
                  <position x="380" y="640"/>
                </connection>
              </connectionPointIn>
              <expression>Q_MachineCenterStop</expression>
            </outVariable>
            <inVariable localId="12" executionOrderId="0" height="30" width="220" negated="false">
              <position x="20" y="900"/>
              <connectionPointOut>
                <relPosition x="220" y="20"/>
              </connectionPointOut>
              <expression>I_MachiningCenterProgress</expression>
            </inVariable>
            <outVariable localId="13" executionOrderId="0" height="30" width="200" negated="false">
              <position x="570" y="910"/>
              <connectionPointIn>
                <relPosition x="0" y="10"/>
                <connection refLocalId="12">
                  <position x="570" y="920"/>
                  <position x="240" y="920"/>
                </connection>
              </connectionPointIn>
              <expression>Q_MachineCenterProgress</expression>
            </outVariable>
            <comment localId="14" height="60" width="1270">
              <position x="20" y="820"/>
              <content>
                <xhtml:p><![CDATA[Machine center progress (value int indication of time)]]></xhtml:p>
              </content>
            </comment>
            <outVariable localId="15" executionOrderId="0" height="30" width="200" negated="false">
              <position x="430" y="1240"/>
              <connectionPointIn>
                <relPosition x="0" y="20"/>
                <connection refLocalId="23">
                  <position x="430" y="1260"/>
                  <position x="210" y="1260"/>
                </connection>
              </connectionPointIn>
              <expression>Q_MachineCenterProduced</expression>
            </outVariable>
            <comment localId="16" height="60" width="1270">
              <position x="20" y="960"/>
              <content>
                <xhtml:p><![CDATA[How many Parts are produced]]></xhtml:p>
              </content>
            </comment>
            <inVariable localId="17" executionOrderId="0" height="30" width="100" negated="false">
              <position x="40" y="1040"/>
              <connectionPointOut>
                <relPosition x="100" y="20"/>
              </connectionPointOut>
              <expression>I_PartExit</expression>
            </inVariable>
            <block localId="19" typeName="ADD" executionOrderId="0" height="80" width="70">
              <position x="450" y="1050"/>
              <inputVariables>
                <variable formalParameter="EN">
                  <connectionPointIn>
                    <relPosition x="0" y="30"/>
                    <connection refLocalId="17">
                      <position x="450" y="1080"/>
                      <position x="295" y="1080"/>
                      <position x="295" y="1060"/>
                      <position x="140" y="1060"/>
                    </connection>
                  </connectionPointIn>
                </variable>
                <variable formalParameter="IN1">
                  <connectionPointIn>
                    <relPosition x="0" y="50"/>
                    <connection refLocalId="21">
                      <position x="450" y="1100"/>
                      <position x="335" y="1100"/>
                      <position x="335" y="1120"/>
                      <position x="220" y="1120"/>
                    </connection>
                  </connectionPointIn>
                </variable>
                <variable formalParameter="IN2">
                  <connectionPointIn>
                    <relPosition x="0" y="70"/>
                    <connection refLocalId="20">
                      <position x="450" y="1120"/>
                      <position x="370" y="1120"/>
                      <position x="370" y="1180"/>
                      <position x="60" y="1180"/>
                    </connection>
                  </connectionPointIn>
                </variable>
              </inputVariables>
              <inOutVariables/>
              <outputVariables>
                <variable formalParameter="ENO">
                  <connectionPointOut>
                    <relPosition x="70" y="30"/>
                  </connectionPointOut>
                </variable>
                <variable formalParameter="OUT">
                  <connectionPointOut>
                    <relPosition x="70" y="50"/>
                  </connectionPointOut>
                </variable>
              </outputVariables>
            </block>
            <inVariable localId="20" executionOrderId="0" height="30" width="20" negated="false">
              <position x="40" y="1160"/>
              <connectionPointOut>
                <relPosition x="20" y="20"/>
              </connectionPointOut>
              <expression>1</expression>
            </inVariable>
            <inVariable localId="21" executionOrderId="0" height="30" width="180" negated="false">
              <position x="40" y="1100"/>
              <connectionPointOut>
                <relPosition x="180" y="20"/>
              </connectionPointOut>
              <expression>MachineCenterProduced</expression>
            </inVariable>
            <outVariable localId="18" executionOrderId="0" height="30" width="180" negated="false">
              <position x="610" y="1090"/>
              <connectionPointIn>
                <relPosition x="0" y="10"/>
                <connection refLocalId="19" formalParameter="OUT">
                  <position x="610" y="1100"/>
                  <position x="520" y="1100"/>
                </connection>
              </connectionPointIn>
              <expression>MachineCenterProduced</expression>
            </outVariable>
            <inVariable localId="23" executionOrderId="0" height="30" width="180" negated="false">
              <position x="30" y="1240"/>
              <connectionPointOut>
                <relPosition x="180" y="20"/>
              </connectionPointOut>
              <expression>MachineCenterProduced</expression>
            </inVariable>
            <inVariable localId="27" executionOrderId="0" height="30" width="170" negated="false">
              <position x="20" y="710"/>
              <connectionPointOut>
                <relPosition x="170" y="10"/>
              </connectionPointOut>
              <expression>I_MachineCenterStop</expression>
            </inVariable>
            <block localId="28" typeName="OR" executionOrderId="0" height="60" width="70">
              <position x="310" y="610"/>
              <inputVariables>
                <variable formalParameter="IN1">
                  <connectionPointIn>
                    <relPosition x="0" y="30"/>
                    <connection refLocalId="9">
                      <position x="310" y="640"/>
                      <position x="100" y="640"/>
                    </connection>
                  </connectionPointIn>
                </variable>
                <variable formalParameter="IN2">
                  <connectionPointIn>
                    <relPosition x="0" y="50"/>
                    <connection refLocalId="27">
                      <position x="310" y="660"/>
                      <position x="250" y="660"/>
                      <position x="250" y="720"/>
                      <position x="190" y="720"/>
                    </connection>
                  </connectionPointIn>
                </variable>
              </inputVariables>
              <inOutVariables/>
              <outputVariables>
                <variable formalParameter="OUT">
                  <connectionPointOut>
                    <relPosition x="70" y="30"/>
                  </connectionPointOut>
                </variable>
              </outputVariables>
            </block>
            <comment localId="22" height="80" width="1210">
              <position x="20" y="50"/>
              <content>
                <xhtml:p><![CDATA[Function Block for Machine center based on object oriented programming. 
V0.0
Author: Seafoxc
date: 29/03/2021]]></xhtml:p>
              </content>
            </comment>
          </FBD>
        </body>
      </pou>
    </pous>
  </types>
  <instances>
    <configurations>
      <configuration name="Config0">
        <resource name="Res0">
          <task name="task0" priority="0" interval="T#20ms">
            <pouInstance name="instance0" typeName="Main"/>
          </task>
        </resource>
      </configuration>
    </configurations>
  </instances>
</project>
